alert_type,severity,action_recommendation,timestamp,transaction_details.customerId,transaction_details.amount,transaction_details.frequency30Day,transaction_details.customerAvgAmount,transaction_details.customerTotalTransactions,transaction_details.geographicDistance,transaction_details.cityDistance,transaction_details.transactionType,transaction_details.unusualForCustomer,transaction_details.customerRiskProfile,transaction_details.transactionPurpose,transaction_details.historicalRiskScore,transaction_details.customerIndustry,transaction_details.originCountry,transaction_details.destinationCountry,transaction_details.originCity,transaction_details.destinationCity,transaction_details.customerType,transaction_details.customer_id
Transaction Anomaly,MEDIUM,"**Transaction Analysis and Risk Assessment**

Based on the provided transaction data and regulatory context, I will analyze the transaction for potential compliance risks and recommend necessary actions for risk mitigation.

**1. Transaction Fields and Relevance to AML/KYC Compliance**

* `customerId`: CUST123 - This field is relevant to identifying the customer and verifying their identity.
* `amount`: 35,000 INR - This field is relevant to monitoring large or unusual transactions.
* `frequency30Day`: 45 - This field is relevant to identifying patterns such as rapid movement of funds.
* `customerAvgAmount`: 18,000 INR - This field is relevant to identifying deviations from customer profiles.
* `customerTotalTransactions`: 60 - This field is relevant to identifying patterns such as frequent transactions.
* `geographicDistance`: 1,150 km - This field is relevant to monitoring transactions involving offshore financial centers or high-risk countries.
* `cityDistance`: 1,400 km - This field is relevant to monitoring transactions involving high-risk jurisdictions.
* `transactionType`: Cash Deposit - This field is relevant to monitoring unusual transaction patterns.
* `unusualForCustomer`: No - This field is relevant to identifying deviations from customer profiles.
* `customerRiskProfile`: Medium - This field is relevant to assessing customer-specific risk factors.
* `transactionPurpose`: Loan Repayment - This field is relevant to identifying the economic or lawful purpose of the transaction.
* `historicalRiskScore`: 72.5 - This field is relevant to assessing customer-specific risk factors.
* `customerIndustry`: Finance - This field is relevant to identifying high-risk industries.
* `originCountry`: India - This field is relevant to monitoring transactions involving high-risk countries.
* `destinationCountry`: India - This field is relevant to monitoring transactions involving high-risk countries.
* `originCity`: Mumbai - This field is relevant to monitoring transactions involving high-risk jurisdictions.
* `destinationCity`: Delhi - This field is relevant to monitoring transactions involving high-risk jurisdictions.
* `customerType`: Individual - This field is relevant to identifying individual customers and assessing their risk profile.

**2. Potential Compliance Risks**

* High-risk jurisdiction: Both the origin and destination countries are India, which is not typically considered a high-risk country.
* Unusual transaction pattern: The transaction amount is slightly higher than the customer's average transaction amount, but not significantly so.
* Deviation from customer profile: The transaction amount is higher than the customer's average transaction amount, but the customer's risk profile is medium, indicating a moderate level of risk.
* No apparent economic or lawful purpose: The transaction purpose is loan repayment, which appears to be legitimate.

**3. Anomaly Detection Flags**

* Velocity: The transaction frequency is moderate, but not unusually high.
* Round-number transactions: The transaction amount is not a round number, but the customer's average transaction amount is.
* Repeated transfers: There is no indication of repeated transfers.

**4. Recommended Actions**

* No enhanced due diligence is required at this time, as the transaction appears to be legitimate.
* No SAR filing is required at this time, as the transaction does not indicate suspicious activity.
* Monitor the customer's transactions and risk profile to ensure that they continue to operate within expected boundaries.

**5. Severity of Potential Violations**

* Low: The transaction does not indicate a high level of risk or suspicious activity.

**6. Regulatory Concerns**

* No regulatory concerns are identified at this time, as the transaction appears to be legitimate.

**7. Escalation or Further Investigation**

* No escalation or further investigation is required at this time, as the transaction appears to be legitimate.

In conclusion, the transaction appears to be legitimate and does not indicate a high level of risk or suspicious activity. However, it is important to continue monitoring the customer's transactions and risk profile to ensure that they continue to operate within expected boundaries.",2025-04-14 10:32:23.806023+00:00,CUST123,35000.0,45,18000.0,60,1150.0,1400.0,Cash Deposit,No,Medium,Loan Repayment,72.5,Finance,India,India,Mumbai,Delhi,Individual,
Transaction Anomaly,HIGH,"**Transaction Data Analysis for AML/KYC Compliance**

**Overview of Transaction Fields and Relevance to AML/KYC Compliance:**

1. **amount (50,000 INR)**: Large transaction amount, potentially exceeding reporting thresholds.
2. **frequency30Day (23)**: High frequency of transactions, which may indicate suspicious activity.
3. **customerAvgAmount (18,000 INR)**: The average transaction amount for this customer is significantly lower than the current transaction, potentially indicating an unusual pattern.
4. **customerTotalTransactions (75)**: The customer has a large number of transactions, which may indicate a high-risk customer.
5. **geographicDistance (1,150 km)**: The distance between the origin and destination cities is relatively short, which may indicate a local transaction.
6. **cityDistance (1,400 km)**: The distance between the origin and destination cities is relatively short, which may indicate a local transaction.
7. **transactionType (Cash Deposit)**: Cash deposits can be high-risk due to the difficulty in tracing the source of funds.
8. **unusualForCustomer (Yes)**: This transaction is unusual for the customer, which may indicate suspicious activity.
9. **customerRiskProfile (Medium)**: The customer has a medium-risk profile, which may indicate a higher level of scrutiny is required.
10. **transactionPurpose (Loan Repayment)**: The transaction purpose is legitimate, but it's essential to verify the loan details and the customer's identity.
11. **historicalRiskScore (70.0)**: The customer has a medium-risk score, which may indicate a higher level of scrutiny is required.
12. **customerIndustry (Finance)**: The customer is in the finance industry, which may indicate a higher level of risk.
13. **originCountry (India)**: The transaction is domestic, which reduces the risk level.
14. **destinationCountry (India)**: The transaction is domestic, which reduces the risk level.
15. **originCity (Delhi)**: The origin city is in India, which reduces the risk level.
16. **destinationCity (Mumbai)**: The destination city is in India, which reduces the risk level.
17. **customerType (Individual)**: The customer is an individual, which may indicate a lower level of risk.
18. **customer_id (CUS125)**: The customer ID is not relevant to AML/KYC compliance.

**Potential Compliance Risks:**

1. **High-risk transaction amount**: The transaction amount is large and may exceed reporting thresholds.
2. **Unusual transaction pattern**: The transaction is unusual for the customer, which may indicate suspicious activity.
3. **High-frequency transactions**: The customer has a high frequency of transactions, which may indicate suspicious activity.
4. **Cash deposit**: Cash deposits can be high-risk due to the difficulty in tracing the source of funds.

**Anomaly Detection Flags:**

1. **High transaction amount**: The transaction amount is significantly higher than the customer's average transaction amount.
2. **Unusual transaction pattern**: The transaction is unusual for the customer, which may indicate suspicious activity.
3. **High-frequency transactions**: The customer has a high frequency of transactions, which may indicate suspicious activity.

**Recommendations for Risk Mitigation:**

1. **Enhanced due diligence**: Conduct enhanced due diligence on the customer to verify their identity, financial information, and transaction purpose.
2. **SAR filing**: File a Suspicious Activity Report (SAR) with the regulatory authorities due to the unusual transaction pattern and high-risk transaction amount.
3. **Monitoring**: Monitor the customer's transactions closely to detect any suspicious activity.
4. **Verification**: Verify the loan details and the customer's identity to ensure the transaction purpose is legitimate.

**Severity of Potential Violations:**

1. **HIGH**: The transaction amount is unusually high, and the transaction pattern is unusual for the customer.

**Regulatory Concerns:**

1. **Threshold violations**: The transaction amount may exceed reporting thresholds.
2. **Suspicious patterns**: The transaction pattern is unusual and may indicate suspicious activity.
3. **High-risk counterparties**: The customer is in the finance industry, which may indicate a higher level of risk.

**Escalation or Further Investigation:**

The transaction warrants escalation or further investigation due to the high-risk transaction amount, unusual transaction pattern, and high-frequency transactions.",2025-04-21 12:46:51.593037+00:00,,50000.0,23,18000.0,75,1150.0,1400.0,Cash Deposit,Yes,Medium,Loan Repayment,70.0,Finance,India,India,Delhi,Mumbai,Individual,CUS125
Transaction Anomaly,HIGH,"**Transaction Analysis Report**

**Transaction Details:**

* Amount: INR45,000 (INR)
* Frequency (30-day): 45
* Customer Average Amount: INR18,000 (INR)
* Customer Total Transactions: 72
* Geographic Distance: 1,150 km (between origin and destination countries)
* City Distance: 1,400 km (between origin and destination cities)
* Transaction Type: Cash Deposit
* Unusual for Customer: Yes
* Customer Risk Profile: Medium
* Transaction Purpose: Loan Repayment
* Historical Risk Score: 73.0
* Customer Industry: Finance
* Origin Country: India
* Destination Country: India
* Origin City: Mumbai
* Destination City: Delhi
* Customer Type: Individual
* Customer ID: CUS456

**Regulatory Considerations:**

* The transaction is subject to AML/KYC regulations, which require monitoring and reporting of suspicious activity.
* Customer due diligence (CDD) and enhanced due diligence (EDD) may be required for high-risk customers or jurisdictions.
* Monitoring of large or unusual transactions, especially those involving offshore financial centers, high-risk countries, or PEPs, is necessary.

**Analysis:**

1. **Transaction Fields and Relevance to AML/KYC Compliance:**

* Amount: Large and unusual for the customer, potential indicator of money laundering or structuring.
* Frequency: High frequency of transactions, potential indicator of smurfing or layering.
* Geographic Distance: Transactions between countries, potential indicator of international money laundering.
* City Distance: Transactions between cities, potential indicator of internal money laundering.
* Transaction Type: Cash deposit, potential indicator of cash-based transactions.
* Unusual for Customer: Yes, potential indicator of unusual behavior.
* Customer Risk Profile: Medium, potential indicator of moderate risk.
* Transaction Purpose: Loan Repayment, potential indicator of legitimate financial activity.
* Historical Risk Score: 73.0, potential indicator of moderate risk.
* Customer Industry: Finance, potential indicator of high-risk industry.
* Origin Country: India, potential indicator of high-risk jurisdiction.
* Destination Country: India, potential indicator of high-risk jurisdiction.
* Origin City: Mumbai, potential indicator of high-risk city.
* Destination City: Delhi, potential indicator of high-risk city.
* Customer Type: Individual, potential indicator of low-risk customer.
* Customer ID: CUS456, potential indicator of customer identity.

2. **Potential Compliance Risks:**

* High-risk jurisdictions: India, potential indicator of high-risk jurisdiction.
* Unusual transaction patterns: Large and frequent transactions, potential indicator of money laundering or structuring.
* Deviations from customer profiles: Unusual behavior for the customer, potential indicator of unusual activity.

3. **Anomaly Detection Flags:**

* Large and unusual transaction amount.
* High frequency of transactions.
* Transactions between countries or cities.
* Unusual transaction type (cash deposit).
* Unusual behavior for the customer.

4. **Recommendations:**

* Enhanced due diligence for the customer to verify their identity and financial information.
* Monitoring of the customer's transactions for potential suspicious activity.
* Reporting of suspicious activity to regulatory authorities.

5. **Severity of Potential Violations:**

* HIGH: Large and unusual transaction amount, high frequency of transactions, and unusual behavior for the customer.

6. **Regulatory Concerns:**

* Violation of thresholds: Large and unusual transaction amount.
* Suspicious patterns: High frequency of transactions and unusual behavior for the customer.
* High-risk counterparties: Financial industry and Indian jurisdiction.

7. **Escalation or Further Investigation:**

* The transaction warrants escalation or further investigation due to the potential indicators of money laundering or structuring.

**Conclusion:**

The transaction analysis indicates potential compliance risks, including high-risk jurisdictions, unusual transaction patterns, and deviations from customer profiles. The large and unusual transaction amount, high frequency of transactions, and unusual behavior for the customer are potential indicators of money laundering or structuring. Enhanced due diligence and monitoring of the customer's transactions are recommended. The transaction warrants escalation or further investigation due to the potential indicators of suspicious activity.",2025-04-21 13:31:54.863794+00:00,,45000.0,45,18000.0,72,1150.0,1400.0,Cash Deposit,Yes,Medium,Loan Repayment,73.0,Finance,India,India,Mumbai,Delhi,Individual,CUS456
Transaction Anomaly,HIGH,"**Transaction Analysis**

The transaction data provided is for a cash deposit of INR 45,000.0 (forty-five thousand Indian Rupees) made by an individual customer (CUS456) with a medium risk profile. The customer is from Mumbai, India, and the transaction is intended for loan repayment.

**Relevance to AML/KYC Compliance:**

1. **Transaction Amount**: The transaction amount is INR 45,000.0, which is above the average transaction amount for this customer (INR 18,000.0). This may indicate a potential anomaly or unusual activity.
2. **Frequency**: The transaction frequency is 45 times in the last 30 days, which is higher than usual for this customer. This could be a sign of rapid movement of funds.
3. **Unusual for Customer**: The transaction is marked as ""unusual"" for this customer, which may indicate that it does not conform to their typical transaction patterns.
4. **Customer Risk Profile**: The customer has a medium risk profile, which may require enhanced due diligence.
5. **Transaction Type**: The transaction is a cash deposit, which may require additional scrutiny due to the anonymity associated with cash transactions.
6. **Origin and Destination**: The transaction originates from Mumbai, India, and is destined for Delhi, India, which are both considered low-risk jurisdictions.
7. **Customer and Counterparty**: The customer is an individual, and there is no information available on the counterparty.

**Potential Compliance Risks:**

1. **Unusual Transaction Pattern**: The transaction frequency and amount may indicate an unusual activity that requires further investigation.
2. **High-Risk Customer**: The customer has a medium risk profile, which may require enhanced due diligence.
3. **Cash Transaction**: The transaction is a cash deposit, which may require additional scrutiny due to the anonymity associated with cash transactions.

**Anomaly Detection Flags:**

1. **Transaction Amount**: The transaction amount is above the average transaction amount for this customer.
2. **Transaction Frequency**: The transaction frequency is higher than usual for this customer.
3. **Unusual Transaction Pattern**: The transaction pattern is unusual for this customer.

**Recommendations:**

1. **Enhanced Due Diligence**: Conduct enhanced due diligence on the customer to gather more information about their financial activities and relationships.
2. **SAR Filing**: File a Suspicious Activity Report (SAR) with the relevant regulatory authorities to report the unusual transaction pattern.
3. **Customer Interview**: Conduct an interview with the customer to gather more information about the transaction and their financial activities.

**Severity of Potential Violations:**

The severity of the potential violations is classified as MEDIUM due to the unusual transaction pattern and the customer's medium risk profile.

**Regulatory Concerns:**

1. **Threshold Violation**: The transaction amount is above the average transaction amount for this customer, which may indicate a potential threshold violation.
2. **Suspicious Pattern**: The transaction pattern is unusual for this customer, which may indicate a potential suspicious activity.

**Escalation or Further Investigation:**

The transaction warrants further investigation and escalation to the relevant regulatory authorities to report the unusual transaction pattern and potential compliance risks.",2025-04-21 13:40:20.337598+00:00,,45000.0,45,18000.0,72,1150.0,1400.0,Cash Deposit,Yes,Medium,Loan Repayment,73.0,Finance,India,India,Mumbai,Delhi,Individual,CUS456
